{
    "SVC": [
        0.7109826589595376,
        0.7225433526011561,
        0.7485549132947977,
        0.7225433526011561,
        0.7109826589595376,
        0.6936416184971098,
        0.7052023121387283,
        0.7109826589595376,
        0.7254335260115607,
        0.7225433526011561
    ],
    "Random Forest": [
        0.7225433526011561,
        0.7514450867052023,
        0.7745664739884393,
        0.7254335260115607,
        0.7485549132947977,
        0.684971098265896,
        0.7225433526011561,
        0.7052023121387283,
        0.7283236994219653,
        0.7109826589595376
    ],
    "CNN": [
        0.8289855072463768,
        0.8115942028985508,
        0.8492753623188406,
        0.8260869565217391,
        0.8347826086956521,
        0.808695652173913,
        0.8260869565217391,
        0.8376811594202899,
        0.8202898550724638,
        0.8202898550724638
    ]
}