{
    "SVC": [
        0.3079734219269103,
        0.3122923588039867,
        0.30332225913621264,
        0.3009966777408638,
        0.31627906976744186,
        0.306312292358804,
        0.3132890365448505,
        0.31262458471760796,
        0.3102990033222591,
        0.30564784053156147
    ],
    "Random Forest": [
        0.3179401993355482,
        0.3325581395348837,
        0.31827242524916943,
        0.320265780730897,
        0.3372093023255814,
        0.3295681063122924,
        0.3295681063122924,
        0.33222591362126247,
        0.33056478405315615,
        0.3179401993355482
    ],
    "CNN": [
        0.5071452309737454,
        0.5174476570289133,
        0.5250913924891991,
        0.5270854104353606,
        0.5270854104353606,
        0.5154536390827518,
        0.5430375540046527,
        0.5194416749750748,
        0.5277500830840811,
        0.5347291458956464
    ]
}